Final_Rank_V7,Sequence,Epitope_Target,Selection_Method,Motif,Scaffold,Performance_Score,Z_Binding_Score,Z_Developability,MJ_Score,Developability_Score,Aggregation_Propensity,Solubility_Index,Dual_Optimized,Original_Rank,Final_Rank
1,MQYKLILNGKTLKGETTTEAVDAATAEKVRGMIDFLAWVDGEWTYDDATKTFTVTE,Competitive,Hybrid-Top-10,RGMIDFLAW,2QMT,1.9876885591475457,0.12725658062647918,1.8604319785210666,-861.92,2.804330251142021,0.0,-0.24375,False,57,98
2,MQYKLILNGKTLKGETTTEAVDAATAEKVRGIMDFLAWVDGEWTYDDATKTFTVTE,Competitive,Hybrid-Top-10,RGIMDFLAW,2QMT,1.9876885591475455,0.12725658062647885,1.8604319785210666,-861.9199999999996,2.804330251142021,0.0,-0.24375,False,59,100
3,RLDAPSQIEVKDVTDTTALITWFKLYDFGISFMLTYGIKDVPGDRTTIDLTEDENQYSIGNLKPDTEYEVSLISRRGDMSSNPAKETFTT,Allosteric,MJ-Test-Pair,LYDFGISFM,1TEN,1.8282466087311575,1.4388060299377554,0.38944057879340205,-2115.85,0.609234377299974,16.219499999999996,-0.2733333333333334,False,49,41
4,MQYKLILNGKTLKGETTTEAVDAATAEKVEGIIDFIAWVDGEWTYDDATKTFTVTE,Competitive,Proxy-Top-20,EGIIDFIAW,2QMT,1.815853819202027,0.11352324282496189,1.702330576377065,-848.7900000000003,2.568402471034543,1.014,-0.2544642857142857,False,7,77
5,MQYKLILNGKTLKGETTTEAVDAATAEKVEGIIDFLAFVDGEWTYDDATKTFTVTE,Competitive,Proxy-Top-20,EGIIDFLAF,2QMT,1.8153936007227671,0.11306302434570198,1.702330576377065,-848.3499999999992,2.568402471034543,1.014,-0.2544642857142857,False,17,87
6,MQYKLILNGKTLKGETTTEAVDAATAEKVFKQYANDNGVDGEWTRGMIDFLAWVTE,Competitive,Hybrid-Top-10,RGMIDFLAW,2QMT,1.791353756654726,0.12725658062647918,1.6640971760282468,-861.92,2.5113484465418234,2.3741666666666665,-0.2455357142857142,False,54,95
7,MQYKLILNGKTLKGETQGMIDFIAWAEKVFKQYANDNGVDGEWTYDDATKTFTVTE,Competitive,Proxy-Top-20,QGMIDFIAW,2QMT,1.6928479826817915,0.1255203018183669,1.5673276808634247,-860.2600000000003,2.3669435781045194,0.0,-0.2830357142857142,True,20,90
8,MQYKLILNGKTLKGETTTEAVDAATAEKVFKQYANDNGVDGEWTEGIIDFIAWVTE,Competitive,Proxy-Top-20,EGIIDFIAW,2QMT,1.6785209162046268,0.11352324282496189,1.5649976733796649,-848.7900000000003,2.363466610248304,2.62275,-0.2562499999999999,False,9,79
9,MQYKLILNGKTLKGETRGMIDFLAWAEKVFKQYANDNGVDGEWTYDDATKTFTVTE,Competitive,Hybrid-Top-10,RGMIDFLAW,2QMT,1.6679384162482997,0.12725658062647918,1.5406818356218206,-861.92,2.327181153282928,0.0,-0.2866071428571428,False,56,97
10,MQYKLILNGKTLKGETTTEAVDAATAEKVFKQYANDNGVDGEWTEGIIDFLAFVTE,Competitive,Proxy-Top-20,EGIIDFLAF,2QMT,1.6353493607906862,0.11306302434570198,1.5222863364449841,-848.3499999999992,2.299730357616948,3.1768333333333327,-0.2562499999999999,False,14,84
11,MQYKLILNGKTLKGETTTEAVDAATAEKVQGIMNFLAWVDGEWTYDDATKTFTVTE,Competitive,MJ-Top-20,QGIMNFLAW,2QMT,1.6011219993064179,0.13312436623702842,1.4679976330693894,-867.5299999999997,2.2187177094137933,7.424222222222221,-0.2196428571428571,True,60,60
12,MQYKLILNGKTLKGETEGIIDFIAWAEKVFKQYANDNGVDGEWTYDDATKTFTVTE,Competitive,Proxy-Top-20,EGIIDFIAW,2QMT,1.5742675427219712,0.11352324282496189,1.4607442998970093,-848.7900000000003,2.207893878818155,0.0,-0.2973214285714285,False,6,76
13,MQYKLILNGKTLKGETTTEAVDAATAEKVQGMINFLAWVDGEWTYDDATKTFTVTE,Competitive,MJ-Top-20,QGMINFLAW,2QMT,1.5531432091778081,0.13312436623702864,1.4200188429407794,-867.53,2.147121067677653,8.046638888888888,-0.2196428571428571,True,52,52
14,MQYKLILNGKTLKGETEGIIDFLAFAEKVFKQYANDNGVDGEWTYDDATKTFTVTE,Competitive,Proxy-Top-20,EGIIDFLAF,2QMT,1.5162507625139194,0.11306302434570198,1.4031877381682174,-848.3499999999992,2.122004749087827,0.7466666666666667,-0.2973214285714285,False,18,88
15,MQYKLILNGKTLKGETTTEAVDAATAEKVFKQYANDNGVDGEWTQGIMNFLAWVTE,Competitive,MJ-Top-20,QGIMNFLAW,2QMT,1.453367675701352,0.13312436623702842,1.3202433094643236,-867.5299999999997,1.998230420264551,9.168166666666666,-0.2214285714285713,True,67,67
16,MQYKLILNGKTLKGETTTEAVDAATAEKVFKQYANDNGVDGEWTQGMINFLAWVTE,Competitive,MJ-Top-20,QGMINFLAW,2QMT,1.405388885572742,0.13312436623702864,1.2722645193357134,-867.53,1.9266337785284104,9.790583333333332,-0.2214285714285713,True,53,53
17,MQYKLILNGKTLKGETQGIMNFLAWAEKVFKQYANDNGVDGEWTYDDATKTFTVTE,Competitive,MJ-Top-20,QGIMNFLAW,2QMT,1.3791452091475027,0.13312436623702842,1.2460208429104742,-867.5299999999997,1.8874714925720453,6.155833333333334,-0.2624999999999999,True,68,68
18,MQYKLILNGKTLKGETQGMINFLAWAEKVFKQYANDNGVDGEWTYDDATKTFTVTE,Competitive,MJ-Top-20,QGMINFLAW,2QMT,1.3311664190188932,0.13312436623702864,1.1980420527818645,-867.53,1.8158748508359053,6.77825,-0.2624999999999999,True,59,59
19,MQYKLILNGKTLKGETTTEAVDAATAEKVQGLINFLAWVDGEWTYDDATKTFTVTE,Competitive,MJ-Top-20,QGLINFLAW,2QMT,1.315895930029613,0.1329988521063218,1.182897077923291,-867.4100000000001,1.7932746698779125,10.08575,-0.2303571428571428,True,70,70
20,RDLEVVAATPTSLLISWDAPAVTVRYYRITYGETGGNSPVQEFTVPGSKSTATISGLKPRGMIDFLAWAVTGRGDSPASSKPISINYRT,Competitive,Hybrid-Top-10,RGMIDFLAW,1FNA,1.2643836599068365,0.12725658062647918,1.1371270792803574,-861.92,1.7249741106867031,19.762083333333333,-0.1365168539325842,False,58,99
21,MQYKLILNGKTLKGETTTEAVDAATAEKVFKQYANDNGVDGEWTQGLINFLAWVTE,Competitive,MJ-Top-20,QGLINFLAW,2QMT,1.1997163482122242,0.1329988521063218,1.0667174961059023,-867.4100000000001,1.619904981435642,11.420083333333334,-0.232142857142857,True,69,69
22,RDLEVVAATPTSLLISWDAPAVTVRYYRITYGETGGNSPVQEFTVPGSKSTATISGLKPEGIIDFIAWAVTGRGDSPASSKPISINYRT,Competitive,Proxy-Top-20,EGIIDFIAW,1FNA,1.16242902506264,0.11352324282496189,1.048905782237678,-848.7900000000003,1.5933253429513976,20.254055555555556,-0.1432584269662921,False,5,75
23,MQYKLILNGKTLKGETTTEIQWLLCWIIVFKQYANDNGVDGVWTYDDATKTFTVTE,Allosteric,MJ-Top-20,IQWLLCWII,1FNA,1.1449116819641803,1.4513469834975574,-0.3064353015333772,-2127.84,-0.4291906426520908,19.209222222222223,-0.3357142857142856,False,18,18
24,GSDTITNATIKVQAWQCLIWILIKVV,Allosteric,MJ-Top-20,WQCLIWILI,1TEN,1.078558337701908,1.4513469834975574,-0.3727886457956495,-2127.84,-0.5282068246859901,15.70925,-0.3807692307692307,False,20,20
25,RDLEVVAATPTSLLISWDAPAVTVRYYRITYGETGGNSPVQEFTVPGSKSTATISGLKPEGIIDFLAFAVTGRGDSPASSKPISINYRT,Competitive,Proxy-Top-20,EGIIDFLAF,1FNA,1.0302760530117323,0.11306302434570198,0.9172130286660303,-848.3499999999992,1.3968060294914135,21.96247222222222,-0.1432584269662921,False,11,81
26,MQYKLILNGKTLKGETTTELQWLICIWIVFKQYANDNGVDGVWTYDDATKTFTVTE,Allosteric,MJ-Top-20,LQWLICIWI,1FNA,0.961824858652411,1.4513469834975574,-0.4895221248451465,-2127.84,-0.70240306964583,21.584361111111114,-0.3357142857142856,False,16,16
27,RDLEVVAATPTSLLISWDAPAVTVRYYRITYGETGGNSPVQEFTVPGSKSTATISGLKPQGIMNFLAWAVTGRGDSPASSKPISINYRT,Competitive,MJ-Top-20,QGIMNFLAW,1FNA,0.9089009918221378,0.13312436623702842,0.7757766255851094,-867.5299999999997,1.1857466957172875,25.917916666666667,-0.1213483146067415,True,63,63
28,RDLEVVAATPTSLLISWDAPAVTVRYYRITYGETGGNSPVQEFTVPGSKSTATISGLKPQGMINFLAWAVTGRGDSPASSKPISINYRT,Competitive,MJ-Top-20,QGMINFLAW,1FNA,0.8609222016935281,0.13312436623702864,0.7277978354564995,-867.53,1.114150053981147,26.540333333333333,-0.1213483146067415,True,51,51
29,MQYKLILNGKTLKGETTTEIWCLLCWIIVFKQYANDNGVDGVWTYDDATKTFTVTE,Allosteric,MJ-Top-20,IWCLLCWII,1FNA,0.8350721476744416,1.4519536351293076,-0.616881487454866,-2128.42,-0.8924558540547033,22.545222222222225,-0.3428571428571428,False,15,15
30,MQYKLILNGKTLKGETTTEIWCLWCLIIVFKQYANDNGVDGVWTYDDATKTFTVTE,Allosteric,MJ-Top-20,IWCLWCLII,1FNA,0.8277341143022477,1.4519536351293076,-0.6242195208270599,-2128.42,-0.9034060790392954,22.640416666666667,-0.3428571428571428,False,3,3
31,RDLEVVAATPTSLLISWDAPAVTVRYYRITYGETGGNSPVQEFTVPGSKSTATISGLKPEGIINYLAFAVTGRGDSPASSKPISINYRT,Competitive,Proxy-Top-20,EGIINYLAF,1FNA,0.6893799373600114,0.10538574335079423,0.5839941940092171,-841.0099999999993,0.8995581943395261,27.53586111111111,-0.1303370786516853,True,19,89
32,RDLEVVAATPTSLLISWDAPAVTVRYYRITYGETGGNSPVQEFTVPGSKRGMIDFLAWPGVDYTITVYAVTGRGDSPASSKPISINYRT,Competitive,Hybrid-Top-10,RGMIDFLAW,1FNA,0.6648134995491611,0.12725658062647918,0.537556918922682,-861.92,0.8302618878119737,22.59202777777778,-0.1876404494382022,False,53,94
33,GSDTITNATIKVQAIWCLWCLIIKVV,Allosteric,MJ-Top-20,IWCLWCLII,1TEN,0.6551769605473656,1.4519536351293076,-0.796776674581942,-2128.42,-1.1609055425163732,19.7205,-0.3961538461538462,False,4,4
34,MQYKLILNGKTLKGETTTELWCLICIWIVFKQYANDNGVDGVWTYDDATKTFTVTE,Allosteric,MJ-Top-20,LWCLICIWI,1FNA,0.6420863665921289,1.4519536351293076,-0.8098672685371787,-2128.42,-1.1804400610612142,25.04877777777778,-0.3428571428571428,False,1,1
35,RDLEVVAATPTSLLISWDAPAVTVRYYRITYGETGGNSPVQEFTVPGSKEGIIDFIAWPGVDYTITVYAVTGRGDSPASSKPISINYRT,Competitive,Proxy-Top-20,EGIIDFIAW,1FNA,0.5729119918372811,0.11352324282496189,0.4593887490123193,-848.7900000000003,0.7136149602583604,22.95358333333333,-0.1943820224719101,False,8,78
36,RLDAPSQIEVKDVTDTTALITWFKPRGMIDFLAWTYGIKDVPGDRTTIDGKKIQDKEGIPPDQQRLIFAGKQLEDGRTLSDYNIQKESTLHLVLRLRGG,Competitive,Hybrid-Top-10,RGMIDFLAW,1TEN,0.5685912056269685,0.12725658062647918,0.44133462500048937,-861.92,0.6866735837611643,9.39686111111111,-0.3368686868686869,False,50,91
37,GSDTITNATIKVQAWWCLICLIIKVV,Allosteric,MJ-Top-20,WWCLICLII,1TEN,0.5684909544079157,1.4519536351293076,-0.8834626807213919,-2128.42,-1.2902632630521844,20.845055555555557,-0.3961538461538462,False,12,12
38,GSDTITNATIKVQAWWCLICILIKVV,Allosteric,MJ-Top-20,WWCLICILI,1TEN,0.5457188549292808,1.4519536351293076,-0.9062347802000268,-2128.42,-1.32424506716982,21.140472222222225,-0.3961538461538462,False,6,6
39,RDLEVVAATPTSLLISWDAPAVTVRYYRITYGETRGMIDFLAWTVPGSKSTATISGLKPGVDYTITVYAVTGRGDSPASSKPISINYRT,Competitive,Hybrid-Top-10,RGMIDFLAW,1FNA,0.5309206784850149,0.12725658062647918,0.40366409785853574,-861.92,0.6304595102390034,26.123361111111112,-0.1691011235955056,False,55,96
40,GSDTITNATIKVQAIWCLLCWIIKVV,Allosteric,MJ-Top-20,IWCLLCWII,1TEN,0.5021274678878099,1.4519536351293076,-0.9498261672414977,-2128.42,-1.389294579932097,21.70597222222222,-0.3961538461538462,False,13,13
41,RDLEVVAATPTSLLISWDAPAVTVRYYRITYGETGGNSPVQEFTVPGSKEGIIDFLAFPGVDYTITVYAVTGRGDSPASSKPISINYRT,Competitive,Proxy-Top-20,EGIIDFLAF,1FNA,0.4994397331114309,0.11306302434570198,0.38637670876572894,-848.3499999999992,0.6046622985937499,23.90075,-0.1943820224719101,False,16,86
42,RLDAPSQIEVKDVTDTTALITWFKPEGIIDFIAWTYGIKDVPGDRTTIDGKKIQDKEGIPPDQQRLIFAGKQLEDGRTLSDYNIQKESTLHLVLRLRGG,Competitive,Proxy-Top-20,EGIIDFIAW,1TEN,0.49435649667336695,0.11352324282496189,0.38083325384840505,-848.7900000000003,0.5963900442365185,9.59513888888889,-0.3429292929292929,False,1,71
43,RLDAPSQIEVKDVTDTTALITWFKPLAEIDGIELTYGIKDVPGDRTTIDGKKIQDRGMIDFLAWRLIFAGKQLEDGRTLSDYNIQKESTLHLVLRLRGG,Competitive,Hybrid-Top-10,RGMIDFLAW,1TEN,0.4727516084985831,0.12725658062647918,0.34549502787210395,-861.92,0.5436563613313448,8.244916666666667,-0.3616161616161616,False,52,93
44,RLDAPSQIEVKDVTDTTALITWFKPLAEIDGIELTYGIKRGMIDFLAWDGKKIQDKEGIPPDQQRLIFAGKQLEDGRTLSDYNIQKESTLHLVLRLRGG,Competitive,Hybrid-Top-10,RGMIDFLAW,1TEN,0.4463749132089141,0.12725658062647918,0.31911833258243494,-861.92,0.5042955771645163,8.244916666666667,-0.3651515151515152,False,51,92
45,RDLEVVAATPTSLLISWDAPAVTVRYYRITYGETEGIIDFIAWTVPGSKSTATISGLKPGVDYTITVYAVTGRGDSPASSKPISINYRT,Competitive,Proxy-Top-20,EGIIDFIAW,1FNA,0.4326361309474829,0.11352324282496189,0.319112888122521,-848.7900000000003,0.5042874526360557,26.567722222222223,-0.1758426966292135,False,4,74
46,RLDAPSQIEVKDVTDTTALITWFKPLAEIDGIELTYGIKDVPGDRTTIDGKKIQDEGIIDFIAWRLIFAGKQLEDGRTLSDYNIQKESTLHLVLRLRGG,Competitive,Proxy-Top-20,EGIIDFIAW,1TEN,0.4138010787719197,0.11352324282496189,0.3002778359469578,-848.7900000000003,0.4761807313310685,8.244916666666667,-0.3676767676767677,False,2,72
47,MQYKLILNGKTLKGETTTEWWCLICLIIVFKQYANDNGVDGVWTYDDATKTFTVTE,Allosteric,MJ-Top-20,WWCLICLII,1FNA,0.4065348529723667,1.4519536351293076,-1.045418782156941,-2128.42,-1.531943241650656,28.104527777777776,-0.3428571428571428,False,14,14
48,RDLEVVAATPTSLLISWDAPAVTVRYYRITYGETGGNSPVQEFTVPGSKQGIMNFLAWPGVDYTITVYAVTGRGDSPASSKPISINYRT,Competitive,MJ-Top-20,QGIMNFLAW,1FNA,0.391297542140733,0.13312436623702842,0.25817317590370453,-867.5299999999997,0.4133497959853021,27.68452777777778,-0.1724719101123595,True,66,66
49,MQYKLILNGKTLKGETTTEWWCLICILIVFKQYANDNGVDGVWTYDDATKTFTVTE,Allosteric,MJ-Top-20,WWCLICILI,1FNA,0.3837627534937318,1.4519536351293076,-1.0681908816355759,-2128.42,-1.5659250457682916,28.399944444444444,-0.3428571428571428,False,2,2
50,RLDAPSQIEVKDVTDTTALITWFKPLAEIDGIELTYGIKDVPGDRTTIDGKKIQDEGIIDFLAFRLIFAGKQLEDGRTLSDYNIQKESTLHLVLRLRGG,Competitive,Proxy-Top-20,EGIIDFLAF,1TEN,0.3697623206980038,0.11306302434570198,0.2566992963523018,-848.3499999999992,0.4111503902495356,8.81025,-0.3676767676767676,False,12,82
51,GSDTITNATIKVQALWCLICIWIKVV,Allosteric,MJ-Top-20,LWCLICIWI,1TEN,0.36731492598138304,1.4519536351293076,-1.0846387091479246,-2128.42,-1.5904694165325983,23.454861111111114,-0.3961538461538462,False,11,11
52,RDLEVVAATPTSLLISWDAPAVTVRYYRITYGETGGNSPVQEFTVPGSKQGMINFLAWPGVDYTITVYAVTGRGDSPASSKPISINYRT,Competitive,MJ-Top-20,QGMINFLAW,1FNA,0.34331875201212303,0.13312436623702864,0.2101943857750944,-867.53,0.3417531542491614,28.306944444444447,-0.1724719101123595,True,58,58
53,RLDAPSQIEVKDVTDTTALITWFKPLAEIDGIELTYGIKEGIIDFIAWDGKKIQDKEGIPPDQQRLIFAGKQLEDGRTLSDYNIQKESTLHLVLRLRGG,Competitive,Proxy-Top-20,EGIIDFIAW,1TEN,0.3061385874871473,0.11352324282496189,0.19261534466218538,-848.7900000000003,0.3155207231008962,9.299416666666668,-0.3712121212121212,False,3,73
54,RLDAPSQIEVKDVTDTTALITWFKPLAEIDGIELTYGIKEGIIDFLAFDGKKIQDKEGIPPDQQRLIFAGKQLEDGRTLSDYNIQKESTLHLVLRLRGG,Competitive,Proxy-Top-20,EGIIDFLAF,1TEN,0.3056783690078878,0.11306302434570198,0.1926153446621858,-848.3499999999992,0.3155207231008968,9.299416666666668,-0.3712121212121211,False,13,83
55,RLDAPSQIEVKDVTDTTALITWFKPEGIIDFLAFTYGIKDVPGDRTTIDGKKIQDKEGIPPDQQRLIFAGKQLEDGRTLSDYNIQKESTLHLVLRLRGG,Competitive,Proxy-Top-20,EGIIDFLAF,1TEN,0.2567623873750301,0.11306302434570198,0.1436993630293281,-848.3499999999992,0.2425255516355174,12.671416666666666,-0.3429292929292929,False,10,80
56,RLDAPSQIEVKDVTDTTALITWFKPQGIMNFLAWTYGIKDVPGDRTTIDGKKIQDKEGIPPDQQRLIFAGKQLEDGRTLSDYNIQKESTLHLVLRLRGG,Competitive,MJ-Top-20,QGIMNFLAW,1TEN,0.23446390924743316,0.13312436623702842,0.10133954301040474,-867.5299999999997,0.1793138522622612,15.12736111111111,-0.3232323232323232,True,64,64
57,RLDAPSQIEVKDVTDTTALITWFKLYAFVILFMLTYGIKDVPGDRTTIDLTEDENQYSIGNLKPDTEYEVSLISRRGDMSSNPAKETFTT,Allosteric,MJ-Test-Pair,LYAFVILFM,1TEN,0.22985182710467056,1.4452281696255938,-1.2153763425209232,-2121.99,-1.785563446059946,35.47902777777779,-0.2894444444444445,False,50,42
58,RDLEVVAATPTSLLISWDAPAVTVRYYRITYGETEGIIDFLAFTVPGSKSTATISGLKPGVDYTITVYAVTGRGDSPASSKPISINYRT,Competitive,Proxy-Top-20,EGIIDFLAF,1FNA,0.21839439747556738,0.11306302434570198,0.1053313731298654,-848.3499999999992,0.1852706850662659,29.341055555555556,-0.1758426966292135,False,15,85
59,RDLEVVAATPTSLLISWDAPAVTVRYYRITYGETQGIMNFLAWTVPGSKSTATISGLKPGVDYTITVYAVTGRGDSPASSKPISINYRT,Competitive,MJ-Top-20,QGIMNFLAW,1FNA,0.208224694670825,0.13312436623702842,0.07510032843379658,-867.5299999999997,0.1401582245266863,31.853861111111108,-0.1539325842696629,True,61,61
60,RLDAPSQIEVKDVTDTTALITWFKPLAEIDGIELTYGIKDVPGDRTTIDGKKIQDQGIMNFLAWRLIFAGKQLEDGRTLSDYNIQKESTLHLVLRLRGG,Competitive,MJ-Top-20,QGIMNFLAW,1TEN,0.18780433852480927,0.13312436623702842,0.05467997228778086,-867.5299999999997,0.1096858237180868,13.337416666666666,-0.347979797979798,True,62,62
61,RLDAPSQIEVKDVTDTTALITWFKPQGMINFLAWTYGIKDVPGDRTTIDGKKIQDKEGIPPDQQRLIFAGKQLEDGRTLSDYNIQKESTLHLVLRLRGG,Competitive,MJ-Top-20,QGMINFLAW,1TEN,0.1864851191188231,0.13312436623702864,0.05336075288179444,-867.53,0.1077172105261203,15.749777777777778,-0.3232323232323232,True,54,54
62,RLDAPSQIEVKDVTDTTALITWFKPLAEIDGIELTYGIKQGIMNFLAWDGKKIQDKEGIPPDQQRLIFAGKQLEDGRTLSDYNIQKESTLHLVLRLRGG,Competitive,MJ-Top-20,QGIMNFLAW,1TEN,0.1614276432351407,0.13312436623702842,0.02830327699811226,-867.5299999999997,0.070325039551259,13.337416666666666,-0.3515151515151515,True,65,65
63,RDLEVVAATPTSLLISWDAPAVTVRYYRITYGETQGMINFLAWTVPGSKSTATISGLKPGVDYTITVYAVTGRGDSPASSKPISINYRT,Competitive,MJ-Top-20,QGMINFLAW,1FNA,0.16024590454221527,0.13312436623702864,0.027121538305186616,-867.53,0.0685615827905459,32.476277777777774,-0.1539325842696629,True,57,57
64,RLDAPSQIEVKDVTDTTALITWFKPLAEIDGIELTYGIKDVPGDRTTIDGKKIQDQGMINFLAWRLIFAGKQLEDGRTLSDYNIQKESTLHLVLRLRGG,Competitive,MJ-Top-20,QGMINFLAW,1TEN,0.13982554839619926,0.13312436623702864,0.0067011821591706315,-867.53,0.038089181981946,13.959833333333334,-0.347979797979798,True,56,56
65,RLDAPSQIEVKDVTDTTALITWFKPLAEIDGIELTYGIKQGMINFLAWDGKKIQDKEGIPPDQQRLIFAGKQLEDGRTLSDYNIQKESTLHLVLRLRGG,Competitive,MJ-Top-20,QGMINFLAW,1TEN,0.11344885310653073,0.13312436623702864,-0.019675513130497906,-867.53,-0.0012716021848817,13.959833333333334,-0.3515151515151515,True,55,55
66,MIEKKIEKLEEHLGLAWQCLIWILIQKTQPGVSVGVKPFRFGGQ,Allosteric,MJ-Top-20,WQCLIWILI,2QMT,-0.010308663675587804,1.4513469834975574,-1.4616556471731452,-2127.84,-2.153075238144433,24.234027777777776,-0.4386363636363636,False,19,19
67,MIEKKIEKLEEHLGLALQCLIWIWIQKTQPGVSVGVKPFRFGGQ,Allosteric,MJ-Top-20,LQCLIWIWI,2QMT,-0.1497462864352206,1.4513469834975574,-1.601093269932778,-2127.84,-2.361151879812549,26.042916666666667,-0.4386363636363636,False,17,17
68,MIEKKIEKLEEHLGLAIWCLWCLIIQKTQPGVSVGVKPFRFGGQ,Allosteric,MJ-Top-20,IWCLWCLII,2QMT,-0.5097059183114414,1.4519536351293076,-1.961659553440749,-2128.42,-2.8992091120447983,29.84056481481481,-0.4477272727272727,False,8,8
69,MIEKKIEKLEEHLGLAWWCLICLIIQKTQPGVSVGVKPFRFGGQ,Allosteric,MJ-Top-20,WWCLICLII,2QMT,-0.6040440065229948,1.4519536351293076,-2.0559976416523025,-2128.42,-3.03998569865004,31.064388888888896,-0.4477272727272727,False,9,9
70,MIEKKIEKLEEHLGLAWWCLICILIQKTQPGVSVGVKPFRFGGQ,Allosteric,MJ-Top-20,WWCLICILI,2QMT,-0.6268161060016288,1.4519536351293076,-2.0787697411309365,-2128.42,-3.0739675027676747,31.35980555555556,-0.4477272727272727,False,5,5
71,MIEKKIEKLEEHLGLAIWCLLCWIIQKTQPGVSVGVKPFRFGGQ,Allosteric,MJ-Top-20,IWCLLCWII,2QMT,-0.6627554109709972,1.4519536351293076,-2.114709046100305,-2128.42,-3.127598149460522,31.82603703703704,-0.4477272727272727,False,7,7
72,MIEKKIEKLEEHLGLALWCLICIWIQKTQPGVSVGVKPFRFGGQ,Allosteric,MJ-Top-20,LWCLICIWI,2QMT,-0.7825335851163213,1.4519536351293076,-2.234487220245629,-2128.42,-3.306337859217773,33.379888888888885,-0.4477272727272727,False,10,10
73,GSDTITNATIKVQAIECLWCLIIKVV,Allosteric,Proxy-Top-20,IECLWCLII,1TEN,-1.2692826840034888,-1.356257687264197,0.08697500326070816,556.42,0.1578782803479477,9.000333333333334,-0.3884615384615384,False,14,34
74,GSDTITNATIKVQAIECLLCWIIKVV,Allosteric,Proxy-Top-20,IECLLCWII,1TEN,-1.2692826840034888,-1.356257687264197,0.08697500326070816,556.42,0.1578782803479477,9.000333333333334,-0.3884615384615384,False,6,26
75,GSDTITNATIKVQALECLICIWIKVV,Allosteric,Proxy-Top-20,LECLICIWI,1TEN,-1.3167261638481629,-1.356257687264197,0.039531523416033984,556.42,0.0870804586427811,9.615805555555555,-0.3884615384615384,False,2,22
76,GSDTITNATIKVQAWECLICLIIKVV,Allosteric,Proxy-Top-20,WECLICLII,1TEN,-1.4801306986401757,-1.356257687264197,-0.1238730113759787,556.42,-0.1567609534521047,11.735611111111112,-0.3884615384615384,False,8,28
77,GSDTITNATIKVQAWECLICILIKVV,Allosteric,Proxy-Top-20,WECLICILI,1TEN,-1.4801306986401757,-1.356257687264197,-0.1238730113759787,556.42,-0.1567609534521047,11.735611111111112,-0.3884615384615384,False,10,30
78,MQYKLILNGKTLKGETTTEIECLLCWIIVFKQYANDNGVDGVWTYDDATKTFTVTE,Allosteric,Proxy-Top-20,IECLLCWII,1FNA,-1.4921947626712513,-1.356257687264197,-0.1359370754070544,556.42,-0.1747636264665651,16.651722222222222,-0.3392857142857142,False,15,35
79,MQYKLILNGKTLKGETTTELQCLICWWIVFKQYANDNGVDGVWTYDDATKTFTVTE,Allosteric,Proxy-Top-20,LQCLICWWI,1FNA,-1.4937234482633088,-1.367784068267451,-0.125939379995858,567.44,-0.1598445046082661,16.867694444444446,-0.3357142857142856,False,16,36
80,MQYKLILNGKTLKGETTTELQCLWCIWIVFKQYANDNGVDGVWTYDDATKTFTVTE,Allosteric,Proxy-Top-20,LQCLWCIWI,1FNA,-1.509106124582492,-1.367784068267451,-0.14132205631504105,567.44,-0.1827993970183359,17.06725,-0.3357142857142856,False,19,39
81,MQYKLILNGKTLKGETTTEIQCLWCLIWVFKQYANDNGVDGVWTYDDATKTFTVTE,Allosteric,Proxy-Top-20,IQCLWCLIW,1FNA,-1.5207116515382229,-1.367784068267451,-0.15292758327077194,567.44,-0.2001178152898526,17.217805555555554,-0.3357142857142856,False,18,38
82,MQYKLILNGKTLKGETTTELECLICIWIVFKQYANDNGVDGVWTYDDATKTFTVTE,Allosteric,Proxy-Top-20,LECLICIWI,1FNA,-1.5651661193362627,-1.356257687264197,-0.2089084320720658,556.42,-0.2836555778088218,17.598361111111114,-0.3392857142857142,False,5,25
83,MQYKLILNGKTLKGETTTEIECLWCLIIVFKQYANDNGVDGVWTYDDATKTFTVTE,Allosteric,Proxy-Top-20,IECLWCLII,1FNA,-1.5778165719662365,-1.356257687264197,-0.22155888470203958,556.42,-0.3025332927807997,17.76247222222222,-0.3392857142857142,False,12,32
84,GSDTITNATIKVQALQCLWCIWIKVV,Allosteric,Proxy-Extended,LQCLWCIWI,1TEN,-1.6088778192503168,-1.367784068267451,-0.24109375098286595,567.44,-0.3316843159458821,14.000805555555557,-0.3807692307692307,False,25,47
85,GSDTITNATIKVQAWQCLICWLIKVV,Allosteric,Proxy-Extended,WQCLICWLI,1TEN,-1.6485571587367842,-1.367784068267451,-0.2807730904693333,567.44,-0.3908960519218013,14.515555555555554,-0.3807692307692307,False,23,45
86,GSDTITNATIKVQAIQCLWCLIWKVV,Allosteric,Proxy-Extended,IQCLWCLIW,1TEN,-1.7106938352549323,-1.367784068267451,-0.3429097669874813,567.44,-0.4836198858371436,15.321638888888891,-0.3807692307692307,False,27,49
87,GSDTITNATIKVQAWQCLICILWKVV,Allosteric,Proxy-Extended,WQCLICILW,1TEN,-1.8477718102829752,-1.367784068267451,-0.4799877420155243,567.44,-0.6881753288087259,17.099916666666665,-0.3807692307692307,False,24,46
88,MQYKLILNGKTLKGETTTEWECLICILIVFKQYANDNGVDGVWTYDDATKTFTVTE,Allosteric,Proxy-Top-20,WECLICILI,1FNA,-1.9017735083574512,-1.356257687264197,-0.5455158210932541,556.42,-0.7859600038455414,21.96508333333333,-0.3392857142857142,False,9,29
89,MQYKLILNGKTLKGETTTEWECLICLIIVFKQYANDNGVDGVWTYDDATKTFTVTE,Allosteric,Proxy-Top-20,WECLICLII,1FNA,-1.9017735083574512,-1.356257687264197,-0.5455158210932541,556.42,-0.7859600038455414,21.96508333333333,-0.3392857142857142,False,13,33
90,MQYKLILNGKTLKGETTTEWQCLICLIWVFKQYANDNGVDGVWTYDDATKTFTVTE,Allosteric,Proxy-Extended,WQCLICLIW,1FNA,-1.92687083513064,-1.367784068267451,-0.5590867668631891,567.44,-0.8062113303109673,22.48680555555556,-0.3357142857142856,False,28,50
91,MQYKLILNGKTLKGETTTEWQCLICILWVFKQYANDNGVDGVWTYDDATKTFTVTE,Allosteric,Proxy-Extended,WQCLICILW,1FNA,-1.947568071948739,-1.367784068267451,-0.5797840036812881,567.44,-0.8370969079885472,22.755305555555555,-0.3357142857142856,False,22,44
92,MIEKKIEKLEEHLGLAIECLWCLIIQKTQPGVSVGVKPFRFGGQ,Allosteric,Proxy-Top-20,IECLWCLII,2QMT,-2.1156982170354466,-1.356257687264197,-0.7594405297712499,556.42,-1.1051904530642578,14.684425925925924,-0.4431818181818182,False,1,21
93,MIEKKIEKLEEHLGLAIECLLCWIIQKTQPGVSVGVKPFRFGGQ,Allosteric,Proxy-Top-20,IECLLCWII,2QMT,-2.1156982170354466,-1.356257687264197,-0.7594405297712499,556.42,-1.1051904530642578,14.684425925925924,-0.4431818181818182,False,4,24
94,MIEKKIEKLEEHLGLALECLICIWIQKTQPGVSVGVKPFRFGGQ,Allosteric,Proxy-Top-20,LECLICIWI,2QMT,-2.1720678174279917,-1.356257687264197,-0.8158101301637948,556.42,-1.189308332512573,15.415694444444444,-0.4431818181818182,False,3,23
95,MIEKKIEKLEEHLGLAWECLICILIQKTQPGVSVGVKPFRFGGQ,Allosteric,Proxy-Top-20,WECLICILI,2QMT,-2.3760552954657554,-1.356257687264197,-1.0197976082015585,556.42,-1.493709888795662,18.06197222222222,-0.4431818181818182,False,11,31
96,MIEKKIEKLEEHLGLAWECLICLIIQKTQPGVSVGVKPFRFGGQ,Allosteric,Proxy-Top-20,WECLICLII,2QMT,-2.3760552954657554,-1.356257687264197,-1.0197976082015585,556.42,-1.493709888795662,18.06197222222222,-0.4431818181818182,False,7,27
97,MIEKKIEKLEEHLGLALQCLWCIWIQKTQPGVSVGVKPFRFGGQ,Allosteric,Proxy-Extended,LQCLWCIWI,2QMT,-2.6585772377727883,-1.367784068267451,-1.2907931695053376,567.44,-1.8981046653780176,22.017472222222224,-0.4386363636363636,False,26,48
98,MIEKKIEKLEEHLGLAIQCLWCLWIQKTQPGVSVGVKPFRFGGQ,Allosteric,Proxy-Top-20,IQCLWCLWI,2QMT,-2.6799239844020635,-1.367784068267451,-1.3121399161346123,567.44,-1.9299594780265128,22.29439814814815,-0.4386363636363636,False,17,37
99,MIEKKIEKLEEHLGLAIQCLWCLIWQKTQPGVSVGVKPFRFGGQ,Allosteric,Proxy-Top-20,IQCLWCLIW,2QMT,-2.77716630934073,-1.367784068267451,-1.409382241073279,567.44,-2.0750699295731323,23.555898148148152,-0.4386363636363636,False,20,40
100,MIEKKIEKLEEHLGLAWQCLICILWQKTQPGVSVGVKPFRFGGQ,Allosteric,Proxy-Extended,WQCLICILW,2QMT,-2.890368731958185,-1.367784068267451,-1.5225846636907339,567.44,-2.243996934069898,25.024444444444445,-0.4386363636363636,False,21,43
